"n","mlpd","runtime"
200,-6.44402242083932,15.5055708885193
