"n","time1","time2"
100,16.0835938453674,12.7524209022522
100,17.0601301193237,15.3001430034637
