"n","time1","time2"
100,11.6376249790192,12.6261899471283
100,10.1012558937073,11.8934590816498
