"n","mlpd","runtime"
50,-9.62737946828037,23.4964439868927
50,-10.2545654074629,24.9509990215302
