"n","mlpd","runtime"
50,-8.69326673975548,24.8217141628265
50,-9.24163888077549,25.3055529594421
